energy_eV,mu
8782.347,0.90849
8792.351,0.88961
8802.377,0.88487
8812.386,0.88032
8822.417,0.87581
8832.431,0.87096
8842.467,0.86691
8852.485,0.86231
8862.484,0.85778
8872.507,0.85331
8882.553,0.84887
8892.579,0.84469
8902.586,0.84056
8912.616,0.83664
8922.627,0.83326
8932.618,0.83015
8933.133,0.82999
8933.605,0.83019
8934.077,0.82994
8934.55,0.82981
8935.065,0.82969
8935.538,0.82958
8936.011,0.82956
8936.526,0.82933
8936.998,0.82919
8937.471,0.82917
8937.944,0.82893
8938.417,0.82882
8938.976,0.82867
8939.406,0.82886
8939.878,0.82858
8940.352,0.8285
8940.91,0.82849
8941.384,0.82827
8941.814,0.82821
8942.287,0.82812
8942.847,0.8279
8943.319,0.82796
8943.793,0.82792
8944.224,0.82787
8944.74,0.82783
8945.214,0.82773
8945.688,0.82791
8946.161,0.82765
8946.678,0.82764
8947.151,0.82769
8947.626,0.82767
8948.1,0.8277
8948.573,0.82776
8949.09,0.82754
8949.564,0.82755
8950.038,0.82757
8950.513,0.82777
8950.987,0.8277
8951.504,0.82758
8951.979,0.82783
8952.453,0.82765
8952.927,0.82775
8953.444,0.82796
8953.919,0.82789
8954.394,0.82822
8954.868,0.82834
8955.343,0.82816
8955.86,0.82841
8956.336,0.82847
8956.811,0.82861
8957.285,0.82899
8957.761,0.82914
8958.278,0.82947
8958.753,0.82951
8959.229,0.82982
8959.703,0.83008
8960.179,0.83037
8960.654,0.83069
8961.172,0.83106
8961.647,0.83149
8962.123,0.83196
8962.599,0.83245
8963.074,0.8329
8963.593,0.83359
8964.068,0.83441
8964.544,0.8351
8965.02,0.83569
8965.496,0.83654
8965.972,0.83761
8966.49,0.83893
8966.967,0.83991
8967.442,0.84146
8967.919,0.84297
8968.395,0.84401
8968.914,0.846
8969.39,0.84807
8969.866,0.85025
8970.343,0.85326
8970.819,0.85569
8971.296,0.8605
8971.772,0.8633
8972.292,0.86853
8972.769,0.87348
8973.245,0.88217
8973.722,0.89092
8974.198,0.90185
8974.675,0.9216
8975.238,0.94407
8975.715,0.96747
8976.192,1.01618
8976.626,1.10479
8977.103,1.23594
8977.58,1.47038
8978.057,1.65671
8978.621,1.84163
8979.055,1.87873
8979.531,1.91096
8980.009,1.90556
8980.486,1.88218
8980.964,1.85729
8981.441,1.84364
8981.962,1.85964
8982.44,1.88395
8982.918,1.93022
8983.396,1.98216
8983.873,2.0248
8984.352,2.06056
8984.829,2.09961
8985.307,2.16109
8985.828,2.20592
8986.307,2.26872
8986.784,2.34122
8987.263,2.44319
8987.741,2.52091
8988.219,2.62976
8988.697,2.73854
8989.176,2.81665
8989.741,2.91936
8990.22,3.00789
8990.698,3.09492
8991.133,3.14641
8991.611,3.19118
8992.09,3.19892
8992.568,3.18457
8993.048,3.16211
8993.526,3.12426
8994.049,3.08078
8994.527,3.04487
8995.007,3.00439
8995.485,2.9697
8995.965,2.95024
8996.444,2.93721
8996.924,2.93096
8997.402,2.9395
8997.882,2.95954
8998.361,2.99212
8998.884,3.05879
8999.363,3.10314
8999.843,3.14804
9000.323,3.1902
9000.803,3.2325
9001.281,3.24991
9001.762,3.24604
9002.241,3.22726
9002.721,3.19269
9003.201,3.16299
9003.681,3.12856
9004.161,3.08747
9004.685,3.03943
9005.165,3.0171
9005.645,2.98068
9006.125,2.95844
9006.605,2.93435
9007.086,2.91481
9007.566,2.88729
9008.047,2.86789
9008.526,2.84798
9009.007,2.8343
9009.487,2.8259
9009.969,2.82384
9011.062,2.83381
9012.153,2.84811
9013.29,2.8743
9014.428,2.90179
9015.565,2.95247
9016.746,3.00286
9017.928,3.04263
9019.154,3.10012
9020.38,3.15615
9021.606,3.20026
9022.877,3.23445
9024.191,3.23865
9025.507,3.20509
9026.822,3.14742
9028.183,3.0861
9029.543,3.0171
9030.903,2.96699
9032.309,2.93123
9033.759,2.90731
9035.164,2.90216
9036.659,2.91212
9038.109,2.93469
9039.604,2.95607
9041.145,2.96209
9042.686,2.95199
9044.227,2.94195
9045.812,2.94873
9047.397,2.97507
9049.029,3.00219
9050.66,3.00924
9052.292,3.00363
9053.969,3.00596
9055.646,3.02752
9057.368,3.05932
9059.091,3.08685
9060.814,3.10424
9062.627,3.12216
9064.44,3.1453
9066.166,3.17707
9067.981,3.21074
9069.842,3.23666
9071.702,3.23803
9073.563,3.21296
9075.47,3.16091
9077.377,3.09148
9079.329,3.03406
9081.283,2.9894
9083.282,2.94918
9085.237,2.92847
9087.282,2.92332
9089.283,2.9012
9091.33,2.84872
9093.423,2.79861
9095.516,2.76338
9097.654,2.75598
9099.75,2.77611
9101.891,2.81292
9104.033,2.85878
9106.221,2.91148
9108.454,2.96183
9110.644,2.9926
9112.924,2.99887
9115.16,2.98323
9117.488,2.96422
9119.728,2.95922
9122.057,3.00005
9124.389,3.09705
9126.765,3.21841
9129.144,3.27907
9131.567,3.28154
9133.993,3.25247
9136.421,3.22374
9138.85,3.18948
9141.279,3.1294
9143.756,3.0478
9146.278,2.94642
9148.803,2.84065
9151.328,2.73626
9153.899,2.64594
9156.519,2.58915
9159.094,2.58269
9161.716,2.63014
9164.384,2.71639
9167.009,2.81473
9169.726,2.912
9172.399,2.9733
9175.119,3.00647
9177.842,2.99949
9180.61,2.9611
9183.381,2.92748
9186.198,2.91024
9188.973,2.90267
9191.84,2.87473
9194.663,2.83653
9197.533,2.82878
9200.451,2.87603
9203.326,2.96919
9206.293,3.06319
9209.217,3.0933
9212.188,3.09586
9215.161,3.07888
9218.183,3.03742
9221.206,2.96227
9224.23,2.87061
9227.304,2.78479
9230.379,2.7201
9233.456,2.68045
9236.581,2.66168
9239.755,2.66799
9242.885,2.69857
9246.063,2.71966
9249.242,2.71926
9252.471,2.72476
9255.702,2.73198
9258.935,2.73589
9262.217,2.75151
9265.5,2.78259
9268.787,2.81017
9272.122,2.82938
9275.459,2.83904
9278.847,2.84042
9282.235,2.83938
9285.627,2.84887
9289.067,2.86293
9292.511,2.88118
9295.957,2.89589
9299.451,2.87464
9302.949,2.8293
9306.449,2.78583
9310.0,2.73843
9313.553,2.69575
9317.108,2.67578
9320.713,2.68112
9324.32,2.69975
9327.979,2.71324
9331.592,2.69967
9335.256,2.66152
9338.969,2.61219
9342.732,2.59063
9346.405,2.61336
9350.128,2.63665
9353.9,2.63775
9357.677,2.64809
9361.55,2.66408
9365.332,2.672
9369.165,2.68002
9373.048,2.68901
9376.935,2.69625
9380.824,2.70387
9384.718,2.7082
9388.662,2.71029
9392.609,2.71179
9396.561,2.71253
9400.563,2.70787
9404.567,2.69093
9408.624,2.65879
9412.685,2.61919
9416.748,2.58571
9420.815,2.57291
9424.935,2.57357
9429.057,2.58266
9433.231,2.59685
9437.361,2.60434
9441.544,2.60053
9445.777,2.58591
9449.966,2.55872
9454.208,2.53241
9458.501,2.52756
9462.75,2.53543
9467.052,2.53179
9471.406,2.51957
9475.716,2.51402
9480.078,2.51387
9484.444,2.5225
9488.863,2.53667
9493.238,2.54928
9497.714,2.56358
9502.146,2.58218
9506.63,2.5965
9511.118,2.60123
9515.661,2.59256
9520.158,2.56883
9524.709,2.52671
9529.265,2.4863
9533.825,2.46768
9538.438,2.46221
9543.105,2.46027
9547.679,2.45808
9552.355,2.45876
9557.036,2.46224
9561.722,2.46255
9566.462,2.45601
9571.256,2.45076
9575.956,2.44734
9580.76,2.43931
9585.568,2.42312
9590.382,2.41547
9595.201,2.41483
9600.024,2.41334
9604.903,2.41772
9609.786,2.42092
9614.676,2.41974
9619.619,2.41921
9624.567,2.42369
9629.521,2.43041
9634.48,2.42775
9639.496,2.41988
9644.516,2.41073
9649.541,2.40172
9654.622,2.39538
9659.708,2.38607
9664.8,2.37216
9669.897,2.36198
9675.051,2.3557
9680.21,2.35147
9685.374,2.35081
9690.646,2.34481
9695.771,2.33337
9701.004,2.32918
9706.293,2.32757
9711.537,2.323
9716.839,2.31434
9722.146,2.30762
9727.458,2.30283
9732.828,2.29451
9738.204,2.29273
9743.586,2.29418
9748.975,2.29567
9754.42,2.30144
9759.82,2.30058
9765.278,2.29799
9770.794,2.29416
9776.265,2.28563
9781.793,2.27292
9787.379,2.26377
9792.869,2.26189
9798.469,2.26177
9804.075,2.26041
9809.688,2.25789
9815.306,2.25178
9820.932,2.24042
9826.669,2.23008
9832.308,2.22053
9838.059,2.21337
9843.815,2.20937
9849.475,2.20493
9855.245,2.19897
9861.023,2.19425
9866.86,2.18922
9872.652,2.18483
9878.504,2.18282
9884.362,2.17854
9890.228,2.17539
9896.153,2.17559
9902.086,2.17525
9908.026,2.17289
9913.974,2.16886
9919.929,2.16356
9925.944,2.15787
9931.966,2.15249
9937.997,2.14756
9944.034,2.14115
9950.079,2.13336
9956.186,2.12696
9962.3,2.12183
9968.421,2.11851
9974.55,2.11577
9980.741,2.11258
9986.94,2.10496
9993.093,2.09882
9999.361,2.09581
10005.58,2.08968
10011.87,2.08288
10018.11,2.07616
10024.41,2.07069
10030.77,2.06594
10037.09,2.0607
10043.46,2.05492
10049.8,2.05092
10056.19,2.04779
10062.6,2.04754
10069.07,2.04745
10075.49,2.04361
10081.97,2.039
10088.46,2.03261
10094.96,2.02822
10101.53,2.0233
10108.05,2.01786
10114.63,2.01171
10121.17,2.00582
10127.77,2.00004
10134.49,1.99505
10141.05,1.99073
10147.79,1.9855
10154.37,1.98105
10161.12,1.97816
10167.89,1.97292
10174.55,1.96737
10181.28,1.96128
10188.07,1.95492
10194.87,1.94962
10201.68,1.94495
10208.5,1.94034
10215.39,1.93637
10222.23,1.9331
10229.13,1.93025
10236.1,1.92677
10242.97,1.92263
10249.91,1.91711
10256.85,1.91192
10263.86,1.90818
10270.88,1.90363
10277.91,1.89906
10284.95,1.89457
10292.0,1.88974
10299.05,1.88536
10306.24,1.88066
10313.32,1.87546
10320.41,1.87044
10327.62,1.86432
10334.73,1.85871
10341.96,1.85346
10349.21,1.84843
10356.46,1.84392
10363.61,1.8401
10370.89,1.83507
10378.17,1.83002
10385.53,1.82492
10392.84,1.81991
10400.16,1.81517
10407.54,1.8111
10414.94,1.80756
10422.35,1.80353
10429.77,1.79796
10437.2,1.79266
10444.64,1.78841
10452.15,1.78354
10459.61,1.77865
10467.14,1.77495
10474.69,1.76998
10482.24,1.76573
10489.81,1.7609
10497.44,1.75616
10505.09,1.75143
10512.63,1.74654
10520.3,1.74126
10527.98,1.73597
10535.68,1.73113
10543.38,1.72604
10551.1,1.72131
10558.83,1.71587
10566.63,1.7106
10574.38,1.70552
10582.2,1.70082
10590.04,1.69626
10597.88,1.69147
10605.8,1.68733
10613.61,1.68271
10621.5,1.67762
10629.45,1.67293
10637.36,1.6684
10645.34,1.66408
10653.27,1.65915
10661.27,1.65443
10669.29,1.64935
10677.32,1.64436
10685.36,1.63967
10693.47,1.63497
10701.54,1.63041
10709.68,1.62582
10717.77,1.62126
10725.94,1.61649
10734.12,1.61164
10742.37,1.60701
10750.45,1.60198
10758.73,1.59692
10766.96,1.59163
10775.26,1.58674
10783.45,1.58215
10791.78,1.57698
10800.13,1.57263
10808.42,1.56846
10816.79,1.56408
10825.18,1.55933
10833.57,1.55465
10841.98,1.54963
10850.41,1.54514
10858.84,1.5402
10867.36,1.53583
10875.82,1.53097
10884.3,1.52667
10892.85,1.52135
10901.42,1.51684
10909.94,1.5119
10918.53,1.50733
10927.21,1.50263
10935.77,1.49833
10944.4,1.49366
10953.12,1.48892
10961.79,1.484
10970.53,1.47936
10979.16,1.47443
10987.93,1.46968
10996.65,1.46484
11005.45,1.45991
11014.27,1.45511
11023.03,1.45055
11031.88,1.44618
11040.74,1.44143
11049.61,1.4369
11058.5,1.43252
11067.4,1.42773
11076.31,1.42357
11085.25,1.41851
11094.26,1.41374
11103.22,1.4102
11112.26,1.40466
11121.25,1.40004
11130.32,1.39566
11139.34,1.39095
11148.51,1.38625
11157.56,1.38153
11166.63,1.37728
11175.78,1.37275
11185.01,1.36797
11194.12,1.36343
11203.31,1.35857
11212.59,1.35444
11221.74,1.34964
11230.98,1.34503
11240.31,1.34052
11249.65,1.33594
11258.87,1.33161
11268.24,1.32726
11277.55,1.32233
11286.96,1.31825
11296.38,1.31359
11305.74,1.30895
11315.19,1.30473
11324.66,1.3
11334.0,1.29569
11343.5,1.29119
11353.01,1.28696
11362.54,1.28242
